{
  "count": 14,
  "value": [
    {
      "id": 4493,
      "rev": 7,
      "fields": {
        "System.AreaPath": "$ProjectName$",
        "System.TeamProject": "$ProjectName$",
        "System.IterationPath": "$ProjectName$",
        "System.WorkItemType": "Epic",
        "System.State": "Active",
        "System.Reason": "Implementation started",
        "System.CreatedDate": "2023-06-22T12:09:44.95Z",
        "System.CreatedBy": "Suraj <suraj@ecanarys.com>",
        "System.ChangedDate": "2023-07-27T11:41:05.58Z",
        "System.ChangedBy": "Akshay Hosur <akshay.hosur@ecanarys.com>",
        "System.Title": "Modernize $ProjectName$ Frontend",
        "Microsoft.VSTS.Scheduling.Effort": 0.0,
        "System.Description": "<div><ul><li>Updating in GUI </li><li>Changes in Themes </li> </ul> </div>",
        "System.AssignedTo": "Suraj <suraj@ecanarys.com>",
        "Microsoft.VSTS.Scheduling.RemainingWork": 0.0,
        "Microsoft.VSTS.Common.Priority": 2.0,
        "System.BoardLane": null,
        "System.Tags": null,
        "Microsoft.VSTS.TCM.Steps": null,
        "Microsoft.VSTS.TCM.Parameters": null,
        "Microsoft.VSTS.TCM.LocalDataSource": null,
        "Microsoft.VSTS.TCM.AutomationStatus": null,
        "System.History": null
      },
      "relations": [
        {
          "rel": "System.LinkTypes.Hierarchy-Forward",
          "url": "https://dev.azure.com/suraj-ecanarys/_apis/wit/workItems/4503",
          "attributes": {
            "isLocked": "false",
            "name": "Child"
          }
        },
        {
          "rel": "System.LinkTypes.Hierarchy-Forward",
          "url": "https://dev.azure.com/suraj-ecanarys/_apis/wit/workItems/4505",
          "attributes": {
            "isLocked": "false",
            "name": "Child"
          }
        }
      ],
      "url": "https://dev.azure.com/suraj-ecanarys/_apis/wit/workItems/4493"
    },
    {
      "id": 4494,
      "rev": 7,
      "fields": {
        "System.AreaPath": "$ProjectName$",
        "System.TeamProject": "$ProjectName$",
        "System.IterationPath": "$ProjectName$",
        "System.WorkItemType": "Epic",
        "System.State": "Active",
        "System.Reason": "Implementation started",
        "System.CreatedDate": "2023-06-22T12:09:44.95Z",
        "System.CreatedBy": "Suraj <suraj@ecanarys.com>",
        "System.ChangedDate": "2023-07-28T09:38:27.937Z",
        "System.ChangedBy": "Akshay Hosur <akshay.hosur@ecanarys.com>",
        "System.Title": "Add Product Recommendations",
        "Microsoft.VSTS.Scheduling.Effort": 0.0,
        "System.Description": null,
        "System.AssignedTo": "Suraj <suraj@ecanarys.com>",
        "Microsoft.VSTS.Scheduling.RemainingWork": 0.0,
        "Microsoft.VSTS.Common.Priority": 2.0,
        "System.BoardLane": null,
        "System.Tags": null,
        "Microsoft.VSTS.TCM.Steps": null,
        "Microsoft.VSTS.TCM.Parameters": null,
        "Microsoft.VSTS.TCM.LocalDataSource": null,
        "Microsoft.VSTS.TCM.AutomationStatus": null,
        "System.History": null
      },
      "relations": [
        {
          "rel": "System.LinkTypes.Hierarchy-Forward",
          "url": "https://dev.azure.com/suraj-ecanarys/_apis/wit/workItems/4864",
          "attributes": {
            "isLocked": "false",
            "name": "Child"
          }
        },
        {
          "rel": "System.LinkTypes.Hierarchy-Forward",
          "url": "https://dev.azure.com/suraj-ecanarys/_apis/wit/workItems/4851",
          "attributes": {
            "isLocked": "false",
            "name": "Child"
          }
        }
      ],
      "url": "https://dev.azure.com/suraj-ecanarys/_apis/wit/workItems/4494"
    },
    {
      "id": 4495,
      "rev": 5,
      "fields": {
        "System.AreaPath": "$ProjectName$\\App Development Team",
        "System.TeamProject": "$ProjectName$",
        "System.IterationPath": "$ProjectName$",
        "System.WorkItemType": "Epic",
        "System.State": "New",
        "System.Reason": "New",
        "System.CreatedDate": "2023-06-22T12:09:44.95Z",
        "System.CreatedBy": "Suraj <suraj@ecanarys.com>",
        "System.ChangedDate": "2023-07-28T09:49:21.73Z",
        "System.ChangedBy": "Akshay Hosur <akshay.hosur@ecanarys.com>",
        "System.Title": "Enhance Order Management Functionality",
        "Microsoft.VSTS.Scheduling.Effort": 0.0,
        "System.Description": null,
        "System.AssignedTo": null,
        "Microsoft.VSTS.Scheduling.RemainingWork": 0.0,
        "Microsoft.VSTS.Common.Priority": 2.0,
        "System.BoardLane": null,
        "System.Tags": null,
        "Microsoft.VSTS.TCM.Steps": null,
        "Microsoft.VSTS.TCM.Parameters": null,
        "Microsoft.VSTS.TCM.LocalDataSource": null,
        "Microsoft.VSTS.TCM.AutomationStatus": null,
        "System.History": null
      },
      "relations": [
        {
          "rel": "System.LinkTypes.Hierarchy-Forward",
          "url": "https://dev.azure.com/suraj-ecanarys/_apis/wit/workItems/4504",
          "attributes": {
            "isLocked": "false",
            "name": "Child"
          }
        }
      ],
      "url": "https://dev.azure.com/suraj-ecanarys/_apis/wit/workItems/4495"
    },
    {
      "id": 4496,
      "rev": 2,
      "fields": {
        "System.AreaPath": "$ProjectName$",
        "System.TeamProject": "$ProjectName$",
        "System.IterationPath": "$ProjectName$",
        "System.WorkItemType": "Epic",
        "System.State": "New",
        "System.Reason": "New",
        "System.CreatedDate": "2023-06-22T12:09:44.95Z",
        "System.CreatedBy": "Suraj <suraj@ecanarys.com>",
        "System.ChangedDate": "2023-06-22T12:09:44.95Z",
        "System.ChangedBy": "Suraj <suraj@ecanarys.com>",
        "System.Title": "Improve Performance and Scalability",
        "Microsoft.VSTS.Scheduling.Effort": 0.0,
        "System.Description": null,
        "System.AssignedTo": null,
        "Microsoft.VSTS.Scheduling.RemainingWork": 0.0,
        "Microsoft.VSTS.Common.Priority": 2.0,
        "System.BoardLane": null,
        "System.Tags": null,
        "Microsoft.VSTS.TCM.Steps": null,
        "Microsoft.VSTS.TCM.Parameters": null,
        "Microsoft.VSTS.TCM.LocalDataSource": null,
        "Microsoft.VSTS.TCM.AutomationStatus": null,
        "System.History": null
      },
      "relations": [
        {
          "rel": "System.LinkTypes.Hierarchy-Forward",
          "url": "https://dev.azure.com/suraj-ecanarys/_apis/wit/workItems/4586",
          "attributes": {
            "isLocked": "false",
            "name": "Child"
          }
        }
      ],
      "url": "https://dev.azure.com/suraj-ecanarys/_apis/wit/workItems/4496"
    },
    {
      "id": 4498,
      "rev": 6,
      "fields": {
        "System.AreaPath": "$ProjectName$",
        "System.TeamProject": "$ProjectName$",
        "System.IterationPath": "$ProjectName$",
        "System.WorkItemType": "Epic",
        "System.State": "New",
        "System.Reason": "New",
        "System.CreatedDate": "2023-06-22T12:09:44.95Z",
        "System.CreatedBy": "Suraj <suraj@ecanarys.com>",
        "System.ChangedDate": "2023-07-28T09:50:11.483Z",
        "System.ChangedBy": "Akshay Hosur <akshay.hosur@ecanarys.com>",
        "System.Title": "Improve Search Functionality",
        "Microsoft.VSTS.Scheduling.Effort": 0.0,
        "System.Description": null,
        "System.AssignedTo": null,
        "Microsoft.VSTS.Scheduling.RemainingWork": 0.0,
        "Microsoft.VSTS.Common.Priority": 2.0,
        "System.BoardLane": null,
        "System.Tags": null,
        "Microsoft.VSTS.TCM.Steps": null,
        "Microsoft.VSTS.TCM.Parameters": null,
        "Microsoft.VSTS.TCM.LocalDataSource": null,
        "Microsoft.VSTS.TCM.AutomationStatus": null,
        "System.History": null
      },
      "relations": [
        {
          "rel": "System.LinkTypes.Hierarchy-Forward",
          "url": "https://dev.azure.com/suraj-ecanarys/_apis/wit/workItems/5294",
          "attributes": {
            "isLocked": "false",
            "name": "Child"
          }
        },
        {
          "rel": "System.LinkTypes.Hierarchy-Forward",
          "url": "https://dev.azure.com/suraj-ecanarys/_apis/wit/workItems/5297",
          "attributes": {
            "isLocked": "false",
            "name": "Child"
          }
        },
        {
          "rel": "System.LinkTypes.Hierarchy-Forward",
          "url": "https://dev.azure.com/suraj-ecanarys/_apis/wit/workItems/4502",
          "attributes": {
            "isLocked": "false",
            "name": "Child"
          }
        }
      ],
      "url": "https://dev.azure.com/suraj-ecanarys/_apis/wit/workItems/4498"
    },
    {
      "id": 4499,
      "rev": 3,
      "fields": {
        "System.AreaPath": "$ProjectName$",
        "System.TeamProject": "$ProjectName$",
        "System.IterationPath": "$ProjectName$",
        "System.WorkItemType": "Epic",
        "System.State": "New",
        "System.Reason": "New",
        "System.CreatedDate": "2023-06-22T12:09:44.95Z",
        "System.CreatedBy": "Suraj <suraj@ecanarys.com>",
        "System.ChangedDate": "2023-07-28T09:39:06.59Z",
        "System.ChangedBy": "Akshay Hosur <akshay.hosur@ecanarys.com>",
        "System.Title": "Internationalization and Localization Support",
        "Microsoft.VSTS.Scheduling.Effort": 0.0,
        "System.Description": null,
        "System.AssignedTo": null,
        "Microsoft.VSTS.Scheduling.RemainingWork": 0.0,
        "Microsoft.VSTS.Common.Priority": 2.0,
        "System.BoardLane": null,
        "System.Tags": null,
        "Microsoft.VSTS.TCM.Steps": null,
        "Microsoft.VSTS.TCM.Parameters": null,
        "Microsoft.VSTS.TCM.LocalDataSource": null,
        "Microsoft.VSTS.TCM.AutomationStatus": null,
        "System.History": null
      },
      "relations": [
        {
          "rel": "System.LinkTypes.Hierarchy-Forward",
          "url": "https://dev.azure.com/suraj-ecanarys/_apis/wit/workItems/4501",
          "attributes": {
            "isLocked": "false",
            "name": "Child"
          }
        },
        {
          "rel": "System.LinkTypes.Hierarchy-Forward",
          "url": "https://dev.azure.com/suraj-ecanarys/_apis/wit/workItems/5300",
          "attributes": {
            "isLocked": "false",
            "name": "Child"
          }
        }
      ],
      "url": "https://dev.azure.com/suraj-ecanarys/_apis/wit/workItems/4499"
    },
    {
      "id": 4500,
      "rev": 2,
      "fields": {
        "System.AreaPath": "$ProjectName$",
        "System.TeamProject": "$ProjectName$",
        "System.IterationPath": "$ProjectName$",
        "System.WorkItemType": "Epic",
        "System.State": "New",
        "System.Reason": "New",
        "System.CreatedDate": "2023-06-22T12:09:44.95Z",
        "System.CreatedBy": "Suraj <suraj@ecanarys.com>",
        "System.ChangedDate": "2023-06-22T12:09:44.95Z",
        "System.ChangedBy": "Suraj <suraj@ecanarys.com>",
        "System.Title": "Performance Optimization",
        "Microsoft.VSTS.Scheduling.Effort": 0.0,
        "System.Description": null,
        "System.AssignedTo": null,
        "Microsoft.VSTS.Scheduling.RemainingWork": 0.0,
        "Microsoft.VSTS.Common.Priority": 2.0,
        "System.BoardLane": null,
        "System.Tags": null,
        "Microsoft.VSTS.TCM.Steps": null,
        "Microsoft.VSTS.TCM.Parameters": null,
        "Microsoft.VSTS.TCM.LocalDataSource": null,
        "Microsoft.VSTS.TCM.AutomationStatus": null,
        "System.History": null
      },
      "relations": [
        {
          "rel": "System.LinkTypes.Hierarchy-Forward",
          "url": "https://dev.azure.com/suraj-ecanarys/_apis/wit/workItems/4588",
          "attributes": {
            "isLocked": "false",
            "name": "Child"
          }
        },
        {
          "rel": "System.LinkTypes.Hierarchy-Forward",
          "url": "https://dev.azure.com/suraj-ecanarys/_apis/wit/workItems/4492",
          "attributes": {
            "isLocked": "false",
            "name": "Child"
          }
        }
      ],
      "url": "https://dev.azure.com/suraj-ecanarys/_apis/wit/workItems/4500"
    },
    {
      "id": 4600,
      "rev": 7,
      "fields": {
        "System.AreaPath": "$ProjectName$\\App Development Team",
        "System.TeamProject": "$ProjectName$",
        "System.IterationPath": "$ProjectName$",
        "System.WorkItemType": "Epic",
        "System.State": "New",
        "System.Reason": "New",
        "System.CreatedDate": "2023-06-28T10:06:22.373Z",
        "System.CreatedBy": "Suraj <suraj@ecanarys.com>",
        "System.ChangedDate": "2023-07-28T09:48:05.173Z",
        "System.ChangedBy": "Akshay Hosur <akshay.hosur@ecanarys.com>",
        "System.Title": "Payment",
        "Microsoft.VSTS.Scheduling.Effort": 0.0,
        "System.Description": null,
        "System.AssignedTo": null,
        "Microsoft.VSTS.Scheduling.RemainingWork": 0.0,
        "Microsoft.VSTS.Common.Priority": 2.0,
        "System.BoardLane": null,
        "System.Tags": null,
        "Microsoft.VSTS.TCM.Steps": null,
        "Microsoft.VSTS.TCM.Parameters": null,
        "Microsoft.VSTS.TCM.LocalDataSource": null,
        "Microsoft.VSTS.TCM.AutomationStatus": null,
        "System.History": null
      },
      "relations": [
        {
          "rel": "System.LinkTypes.Hierarchy-Forward",
          "url": "https://dev.azure.com/suraj-ecanarys/_apis/wit/workItems/4601",
          "attributes": {
            "isLocked": "false",
            "name": "Child"
          }
        }
      ],
      "url": "https://dev.azure.com/suraj-ecanarys/_apis/wit/workItems/4600"
    },
    {
      "id": 4853,
      "rev": 5,
      "fields": {
        "System.AreaPath": "$ProjectName$\\DBA Team",
        "System.TeamProject": "$ProjectName$",
        "System.IterationPath": "$ProjectName$",
        "System.WorkItemType": "Epic",
        "System.State": "Active",
        "System.Reason": "Implementation started",
        "System.CreatedDate": "2023-07-10T08:57:03.567Z",
        "System.CreatedBy": "Suraj <suraj@ecanarys.com>",
        "System.ChangedDate": "2023-07-25T23:42:55.57Z",
        "System.ChangedBy": "Gloridel.Morales <Gloridel.Morales@microsoft.com>",
        "System.Title": "Database Migration",
        "Microsoft.VSTS.Scheduling.Effort": 0.0,
        "System.Description": null,
        "System.AssignedTo": "Suraj <suraj@ecanarys.com>",
        "Microsoft.VSTS.Scheduling.RemainingWork": 0.0,
        "Microsoft.VSTS.Common.Priority": 2.0,
        "System.BoardLane": null,
        "System.Tags": null,
        "Microsoft.VSTS.TCM.Steps": null,
        "Microsoft.VSTS.TCM.Parameters": null,
        "Microsoft.VSTS.TCM.LocalDataSource": null,
        "Microsoft.VSTS.TCM.AutomationStatus": null,
        "System.History": null
      },
      "relations": [
        {
          "rel": "System.LinkTypes.Hierarchy-Forward",
          "url": "https://dev.azure.com/suraj-ecanarys/_apis/wit/workItems/4861",
          "attributes": {
            "isLocked": "false",
            "name": "Child"
          }
        }
      ],
      "url": "https://dev.azure.com/suraj-ecanarys/_apis/wit/workItems/4853"
    },
    {
      "id": 4854,
      "rev": 5,
      "fields": {
        "System.AreaPath": "$ProjectName$",
        "System.TeamProject": "$ProjectName$",
        "System.IterationPath": "$ProjectName$",
        "System.WorkItemType": "Epic",
        "System.State": "New",
        "System.Reason": "New",
        "System.CreatedDate": "2023-07-10T08:57:19.923Z",
        "System.CreatedBy": "Suraj <suraj@ecanarys.com>",
        "System.ChangedDate": "2023-07-28T09:50:20.637Z",
        "System.ChangedBy": "Akshay Hosur <akshay.hosur@ecanarys.com>",
        "System.Title": "Database Performance Optimization",
        "Microsoft.VSTS.Scheduling.Effort": 0.0,
        "System.Description": null,
        "System.AssignedTo": null,
        "Microsoft.VSTS.Scheduling.RemainingWork": 0.0,
        "Microsoft.VSTS.Common.Priority": 2.0,
        "System.BoardLane": null,
        "System.Tags": null,
        "Microsoft.VSTS.TCM.Steps": null,
        "Microsoft.VSTS.TCM.Parameters": null,
        "Microsoft.VSTS.TCM.LocalDataSource": null,
        "Microsoft.VSTS.TCM.AutomationStatus": null,
        "System.History": null
      },
      "relations": [
        {
          "rel": "System.LinkTypes.Hierarchy-Forward",
          "url": "https://dev.azure.com/suraj-ecanarys/_apis/wit/workItems/4862",
          "attributes": {
            "isLocked": "false",
            "name": "Child"
          }
        }
      ],
      "url": "https://dev.azure.com/suraj-ecanarys/_apis/wit/workItems/4854"
    },
    {
      "id": 4855,
      "rev": 5,
      "fields": {
        "System.AreaPath": "$ProjectName$",
        "System.TeamProject": "$ProjectName$",
        "System.IterationPath": "$ProjectName$",
        "System.WorkItemType": "Epic",
        "System.State": "New",
        "System.Reason": "New",
        "System.CreatedDate": "2023-07-10T08:57:30.24Z",
        "System.CreatedBy": "Suraj <suraj@ecanarys.com>",
        "System.ChangedDate": "2023-07-27T07:25:41.21Z",
        "System.ChangedBy": "Akshay Hosur <akshay.hosur@ecanarys.com>",
        "System.Title": "Database Backup and Recovery",
        "Microsoft.VSTS.Scheduling.Effort": 0.0,
        "System.Description": null,
        "System.AssignedTo": null,
        "Microsoft.VSTS.Scheduling.RemainingWork": 0.0,
        "Microsoft.VSTS.Common.Priority": 2.0,
        "System.BoardLane": null,
        "System.Tags": null,
        "Microsoft.VSTS.TCM.Steps": null,
        "Microsoft.VSTS.TCM.Parameters": null,
        "Microsoft.VSTS.TCM.LocalDataSource": null,
        "Microsoft.VSTS.TCM.AutomationStatus": null,
        "System.History": null
      },
      "relations": [
        {
          "rel": "System.LinkTypes.Hierarchy-Forward",
          "url": "https://dev.azure.com/suraj-ecanarys/_apis/wit/workItems/4867",
          "attributes": {
            "isLocked": "false",
            "name": "Child"
          }
        }
      ],
      "url": "https://dev.azure.com/suraj-ecanarys/_apis/wit/workItems/4855"
    },
    {
      "id": 4856,
      "rev": 6,
      "fields": {
        "System.AreaPath": "$ProjectName$\\DBA Team",
        "System.TeamProject": "$ProjectName$",
        "System.IterationPath": "$ProjectName$",
        "System.WorkItemType": "Epic",
        "System.State": "Active",
        "System.Reason": "Implementation started",
        "System.CreatedDate": "2023-07-10T08:57:39.21Z",
        "System.CreatedBy": "Suraj <suraj@ecanarys.com>",
        "System.ChangedDate": "2023-07-25T23:42:55.57Z",
        "System.ChangedBy": "Gloridel.Morales <Gloridel.Morales@microsoft.com>",
        "System.Title": "Database Security and Compliance",
        "Microsoft.VSTS.Scheduling.Effort": 0.0,
        "System.Description": null,
        "System.AssignedTo": "Suraj <suraj@ecanarys.com>",
        "Microsoft.VSTS.Scheduling.RemainingWork": 0.0,
        "Microsoft.VSTS.Common.Priority": 2.0,
        "System.BoardLane": null,
        "System.Tags": null,
        "Microsoft.VSTS.TCM.Steps": null,
        "Microsoft.VSTS.TCM.Parameters": null,
        "Microsoft.VSTS.TCM.LocalDataSource": null,
        "Microsoft.VSTS.TCM.AutomationStatus": null,
        "System.History": null
      },
      "relations": [
        {
          "rel": "System.LinkTypes.Hierarchy-Forward",
          "url": "https://dev.azure.com/suraj-ecanarys/_apis/wit/workItems/4871",
          "attributes": {
            "isLocked": "false",
            "name": "Child"
          }
        }
      ],
      "url": "https://dev.azure.com/suraj-ecanarys/_apis/wit/workItems/4856"
    },
    {
      "id": 4857,
      "rev": 5,
      "fields": {
        "System.AreaPath": "$ProjectName$",
        "System.TeamProject": "$ProjectName$",
        "System.IterationPath": "$ProjectName$",
        "System.WorkItemType": "Epic",
        "System.State": "New",
        "System.Reason": "New",
        "System.CreatedDate": "2023-07-10T08:58:36.577Z",
        "System.CreatedBy": "Suraj <suraj@ecanarys.com>",
        "System.ChangedDate": "2023-07-27T07:25:29.057Z",
        "System.ChangedBy": "Akshay Hosur <akshay.hosur@ecanarys.com>",
        "System.Title": "Database Schema Versioning and Deployment",
        "Microsoft.VSTS.Scheduling.Effort": 0.0,
        "System.Description": null,
        "System.AssignedTo": null,
        "Microsoft.VSTS.Scheduling.RemainingWork": 0.0,
        "Microsoft.VSTS.Common.Priority": 2.0,
        "System.BoardLane": null,
        "System.Tags": null,
        "Microsoft.VSTS.TCM.Steps": null,
        "Microsoft.VSTS.TCM.Parameters": null,
        "Microsoft.VSTS.TCM.LocalDataSource": null,
        "Microsoft.VSTS.TCM.AutomationStatus": null,
        "System.History": null
      },
      "relations": [
        {
          "rel": "System.LinkTypes.Hierarchy-Forward",
          "url": "https://dev.azure.com/suraj-ecanarys/_apis/wit/workItems/4875",
          "attributes": {
            "isLocked": "false",
            "name": "Child"
          }
        }
      ],
      "url": "https://dev.azure.com/suraj-ecanarys/_apis/wit/workItems/4857"
    },
    {
      "id": 4902,
      "rev": 4,
      "fields": {
        "System.AreaPath": "$ProjectName$",
        "System.TeamProject": "$ProjectName$",
        "System.IterationPath": "$ProjectName$\\Iteration 2",
        "System.WorkItemType": "Epic",
        "System.State": "Closed",
        "System.Reason": "Acceptance tests pass",
        "System.CreatedDate": "2023-07-17T09:27:09.79Z",
        "System.CreatedBy": "Suraj <suraj@ecanarys.com>",
        "System.ChangedDate": "2023-07-27T12:19:46.44Z",
        "System.ChangedBy": "Akshay Hosur <akshay.hosur@ecanarys.com>",
        "System.Title": "Product Training",
        "Microsoft.VSTS.Scheduling.Effort": 0.0,
        "System.Description": null,
        "System.AssignedTo": "Suraj <suraj@ecanarys.com>",
        "Microsoft.VSTS.Scheduling.RemainingWork": 0.0,
        "Microsoft.VSTS.Common.Priority": 2.0,
        "System.BoardLane": null,
        "System.Tags": null,
        "Microsoft.VSTS.TCM.Steps": null,
        "Microsoft.VSTS.TCM.Parameters": null,
        "Microsoft.VSTS.TCM.LocalDataSource": null,
        "Microsoft.VSTS.TCM.AutomationStatus": null,
        "System.History": null
      },
      "relations": [
        {
          "rel": "System.LinkTypes.Hierarchy-Forward",
          "url": "https://dev.azure.com/suraj-ecanarys/_apis/wit/workItems/4903",
          "attributes": {
            "isLocked": "false",
            "name": "Child"
          }
        }
      ],
      "url": "https://dev.azure.com/suraj-ecanarys/_apis/wit/workItems/4902"
    },
    {
      "id": 5310,
      "rev": 3,
      "fields": {
        "System.AreaPath": "eShoponweb",
        "System.TeamProject": "eShoponweb",
        "System.IterationPath": "$ProjectName$\\Iteration 3",
        "System.WorkItemType": "Epic",
        "System.State": "New",
        "System.Reason": "New",
        "System.CreatedDate": "2023-08-03T10:38:06.74Z",
        "System.CreatedBy": "Akshay Hosur <akshay.hosur@ecanarys.com>",
        "System.ChangedDate": "2023-08-03T10:38:49.817Z",
        "System.ChangedBy": "Akshay Hosur <akshay.hosur@ecanarys.com>",
        "System.Title": "Login and Registration functionality",
        "Microsoft.VSTS.Scheduling.Effort": 0.0,
        "System.Description": null,
        "System.AssignedTo": null,
        "Microsoft.VSTS.Scheduling.RemainingWork": 0.0,
        "Microsoft.VSTS.Common.Priority": 2.0,
        "System.BoardLane": null,
        "System.Tags": null,
        "Microsoft.VSTS.TCM.Steps": null,
        "Microsoft.VSTS.TCM.Parameters": null,
        "Microsoft.VSTS.TCM.LocalDataSource": null,
        "Microsoft.VSTS.TCM.AutomationStatus": null,
        "System.History": null
      },
      "relations": [
        {
          "rel": "System.LinkTypes.Hierarchy-Forward",
          "url": "https://dev.azure.com/suraj-ecanarys/_apis/wit/workItems/5311",
          "attributes": {
            "isLocked": "false",
            "name": "Child"
          }
        }
      ],
      "url": "https://dev.azure.com/suraj-ecanarys/_apis/wit/workItems/5310"
    }
  ],
  "HttpStatusCode": 0,
  "Message": null
}