{
  "count": 21,
  "value": [
    {
      "id": 4492,
      "rev": 7,
      "fields": {
        "System.AreaPath": "$ProjectName$\\App Development Team",
        "System.TeamProject": "$ProjectName$",
        "System.IterationPath": "$ProjectName$",
        "System.WorkItemType": "Feature",
        "System.State": "New",
        "System.Reason": "New",
        "System.CreatedDate": "2023-06-22T11:57:25.587Z",
        "System.CreatedBy": "Suraj <suraj@ecanarys.com>",
        "System.ChangedDate": "2023-07-25T23:42:55.577Z",
        "System.ChangedBy": "Gloridel.Morales <Gloridel.Morales@microsoft.com>",
        "System.Title": "manage product inventory efficiently",
        "Microsoft.VSTS.Scheduling.Effort": 0.0,
        "System.Description": null,
        "System.AssignedTo": null,
        "Microsoft.VSTS.Scheduling.RemainingWork": 0.0,
        "Microsoft.VSTS.Common.Priority": 2.0,
        "System.BoardLane": null,
        "System.Tags": null,
        "Microsoft.VSTS.TCM.Steps": null,
        "Microsoft.VSTS.TCM.Parameters": null,
        "Microsoft.VSTS.TCM.LocalDataSource": null,
        "Microsoft.VSTS.TCM.AutomationStatus": null,
        "System.History": null
      },
      "relations": [
        {
          "rel": "System.LinkTypes.Hierarchy-Reverse",
          "url": "https://dev.azure.com/suraj-ecanarys/_apis/wit/workItems/4500",
          "attributes": {
            "isLocked": "false",
            "name": "Parent"
          }
        }
      ],
      "url": "https://dev.azure.com/suraj-ecanarys/_apis/wit/workItems/4492"
    },
    {
      "id": 4501,
      "rev": 4,
      "fields": {
        "System.AreaPath": "$ProjectName$\\App Development Team",
        "System.TeamProject": "$ProjectName$",
        "System.IterationPath": "$ProjectName$\\Iteration 1",
        "System.WorkItemType": "Feature",
        "System.State": "New",
        "System.Reason": "New",
        "System.CreatedDate": "2023-06-22T12:09:44.95Z",
        "System.CreatedBy": "Suraj <suraj@ecanarys.com>",
        "System.ChangedDate": "2023-07-28T09:37:02.337Z",
        "System.ChangedBy": "Akshay Hosur <akshay.hosur@ecanarys.com>",
        "System.Title": "Add Social Login Integration",
        "Microsoft.VSTS.Scheduling.Effort": 0.0,
        "System.Description": null,
        "System.AssignedTo": null,
        "Microsoft.VSTS.Scheduling.RemainingWork": 0.0,
        "Microsoft.VSTS.Common.Priority": 2.0,
        "System.BoardLane": null,
        "System.Tags": null,
        "Microsoft.VSTS.TCM.Steps": null,
        "Microsoft.VSTS.TCM.Parameters": null,
        "Microsoft.VSTS.TCM.LocalDataSource": null,
        "Microsoft.VSTS.TCM.AutomationStatus": null,
        "System.History": null
      },
      "relations": [
        {
          "rel": "System.LinkTypes.Hierarchy-Reverse",
          "url": "https://dev.azure.com/suraj-ecanarys/_apis/wit/workItems/4499",
          "attributes": {
            "isLocked": "false",
            "name": "Parent"
          }
        },
        {
          "rel": "System.LinkTypes.Dependency-Reverse",
          "url": "https://dev.azure.com/suraj-ecanarys/_apis/wit/workItems/4503",
          "attributes": {
            "isLocked": "false",
            "name": "Predecessor"
          }
        },
        {
          "rel": "System.LinkTypes.Hierarchy-Forward",
          "url": "https://dev.azure.com/suraj-ecanarys/_apis/wit/workItems/4846",
          "attributes": {
            "isLocked": "false",
            "name": "Child"
          }
        }
      ],
      "url": "https://dev.azure.com/suraj-ecanarys/_apis/wit/workItems/4501"
    },
    {
      "id": 4502,
      "rev": 5,
      "fields": {
        "System.AreaPath": "$ProjectName$\\App Development Team",
        "System.TeamProject": "$ProjectName$",
        "System.IterationPath": "$ProjectName$",
        "System.WorkItemType": "Feature",
        "System.State": "New",
        "System.Reason": "New",
        "System.CreatedDate": "2023-06-22T12:09:44.95Z",
        "System.CreatedBy": "Suraj <suraj@ecanarys.com>",
        "System.ChangedDate": "2023-07-25T23:42:55.577Z",
        "System.ChangedBy": "Gloridel.Morales <Gloridel.Morales@microsoft.com>",
        "System.Title": "Implement Advanced Search Functionality",
        "Microsoft.VSTS.Scheduling.Effort": 0.0,
        "System.Description": null,
        "System.AssignedTo": null,
        "Microsoft.VSTS.Scheduling.RemainingWork": 0.0,
        "Microsoft.VSTS.Common.Priority": 2.0,
        "System.BoardLane": null,
        "System.Tags": null,
        "Microsoft.VSTS.TCM.Steps": null,
        "Microsoft.VSTS.TCM.Parameters": null,
        "Microsoft.VSTS.TCM.LocalDataSource": null,
        "Microsoft.VSTS.TCM.AutomationStatus": null,
        "System.History": null
      },
      "relations": [
        {
          "rel": "System.LinkTypes.Hierarchy-Reverse",
          "url": "https://dev.azure.com/suraj-ecanarys/_apis/wit/workItems/4498",
          "attributes": {
            "isLocked": "false",
            "name": "Parent"
          }
        },
        {
          "rel": "System.LinkTypes.Hierarchy-Forward",
          "url": "https://dev.azure.com/suraj-ecanarys/_apis/wit/workItems/4845",
          "attributes": {
            "isLocked": "false",
            "name": "Child"
          }
        }
      ],
      "url": "https://dev.azure.com/suraj-ecanarys/_apis/wit/workItems/4502"
    },
    {
      "id": 4503,
      "rev": 11,
      "fields": {
        "System.AreaPath": "$ProjectName$\\App Development Team",
        "System.TeamProject": "$ProjectName$",
        "System.IterationPath": "$ProjectName$\\Iteration 2",
        "System.WorkItemType": "Feature",
        "System.State": "Resolved",
        "System.Reason": "Stories complete",
        "System.CreatedDate": "2023-06-22T12:09:44.95Z",
        "System.CreatedBy": "Suraj <suraj@ecanarys.com>",
        "System.ChangedDate": "2023-07-25T23:42:55.577Z",
        "System.ChangedBy": "Gloridel.Morales <Gloridel.Morales@microsoft.com>",
        "System.Title": "Social Media Sharing",
        "Microsoft.VSTS.Scheduling.Effort": 0.0,
        "System.Description": null,
        "System.AssignedTo": "Suraj <suraj@ecanarys.com>",
        "Microsoft.VSTS.Scheduling.RemainingWork": 0.0,
        "Microsoft.VSTS.Common.Priority": 2.0,
        "System.BoardLane": null,
        "System.Tags": null,
        "Microsoft.VSTS.TCM.Steps": null,
        "Microsoft.VSTS.TCM.Parameters": null,
        "Microsoft.VSTS.TCM.LocalDataSource": null,
        "Microsoft.VSTS.TCM.AutomationStatus": null,
        "System.History": null
      },
      "relations": [
        {
          "rel": "System.LinkTypes.Dependency-Forward",
          "url": "https://dev.azure.com/suraj-ecanarys/_apis/wit/workItems/4501",
          "attributes": {
            "isLocked": "false",
            "name": "Successor"
          }
        },
        {
          "rel": "System.LinkTypes.Hierarchy-Forward",
          "url": "https://dev.azure.com/suraj-ecanarys/_apis/wit/workItems/4587",
          "attributes": {
            "isLocked": "false",
            "name": "Child"
          }
        },
        {
          "rel": "System.LinkTypes.Hierarchy-Reverse",
          "url": "https://dev.azure.com/suraj-ecanarys/_apis/wit/workItems/4493",
          "attributes": {
            "isLocked": "false",
            "name": "Parent"
          }
        }
      ],
      "url": "https://dev.azure.com/suraj-ecanarys/_apis/wit/workItems/4503"
    },
    {
      "id": 4504,
      "rev": 6,
      "fields": {
        "System.AreaPath": "$ProjectName$\\DBA Team",
        "System.TeamProject": "$ProjectName$",
        "System.IterationPath": "$ProjectName$",
        "System.WorkItemType": "Feature",
        "System.State": "New",
        "System.Reason": "New",
        "System.CreatedDate": "2023-06-22T12:09:44.95Z",
        "System.CreatedBy": "Suraj <suraj@ecanarys.com>",
        "System.ChangedDate": "2023-07-28T09:48:58.837Z",
        "System.ChangedBy": "Akshay Hosur <akshay.hosur@ecanarys.com>",
        "System.Title": "Order Tracking and Shipment Status",
        "Microsoft.VSTS.Scheduling.Effort": 0.0,
        "System.Description": null,
        "System.AssignedTo": null,
        "Microsoft.VSTS.Scheduling.RemainingWork": 0.0,
        "Microsoft.VSTS.Common.Priority": 2.0,
        "System.BoardLane": null,
        "System.Tags": null,
        "Microsoft.VSTS.TCM.Steps": null,
        "Microsoft.VSTS.TCM.Parameters": null,
        "Microsoft.VSTS.TCM.LocalDataSource": null,
        "Microsoft.VSTS.TCM.AutomationStatus": null,
        "System.History": null
      },
      "relations": [
        {
          "rel": "System.LinkTypes.Hierarchy-Forward",
          "url": "https://dev.azure.com/suraj-ecanarys/_apis/wit/workItems/4506",
          "attributes": {
            "isLocked": "false",
            "name": "Child"
          }
        },
        {
          "rel": "System.LinkTypes.Hierarchy-Reverse",
          "url": "https://dev.azure.com/suraj-ecanarys/_apis/wit/workItems/4495",
          "attributes": {
            "isLocked": "false",
            "name": "Parent"
          }
        },
        {
          "rel": "System.LinkTypes.Hierarchy-Forward",
          "url": "https://dev.azure.com/suraj-ecanarys/_apis/wit/workItems/4509",
          "attributes": {
            "isLocked": "false",
            "name": "Child"
          }
        }
      ],
      "url": "https://dev.azure.com/suraj-ecanarys/_apis/wit/workItems/4504"
    },
    {
      "id": 4505,
      "rev": 8,
      "fields": {
        "System.AreaPath": "$ProjectName$\\App Development Team",
        "System.TeamProject": "$ProjectName$",
        "System.IterationPath": "$ProjectName$",
        "System.WorkItemType": "Feature",
        "System.State": "Active",
        "System.Reason": "Acceptance tests fail",
        "System.CreatedDate": "2023-06-22T12:09:44.95Z",
        "System.CreatedBy": "Suraj <suraj@ecanarys.com>",
        "System.ChangedDate": "2023-07-25T23:42:55.577Z",
        "System.ChangedBy": "Gloridel.Morales <Gloridel.Morales@microsoft.com>",
        "System.Title": "Wishlist Management",
        "Microsoft.VSTS.Scheduling.Effort": 0.0,
        "System.Description": null,
        "System.AssignedTo": "Suraj <suraj@ecanarys.com>",
        "Microsoft.VSTS.Scheduling.RemainingWork": 0.0,
        "Microsoft.VSTS.Common.Priority": 2.0,
        "System.BoardLane": null,
        "System.Tags": null,
        "Microsoft.VSTS.TCM.Steps": null,
        "Microsoft.VSTS.TCM.Parameters": null,
        "Microsoft.VSTS.TCM.LocalDataSource": null,
        "Microsoft.VSTS.TCM.AutomationStatus": null,
        "System.History": null
      },
      "relations": [
        {
          "rel": "System.LinkTypes.Hierarchy-Forward",
          "url": "https://dev.azure.com/suraj-ecanarys/_apis/wit/workItems/4591",
          "attributes": {
            "isLocked": "false",
            "name": "Child"
          }
        },
        {
          "rel": "System.LinkTypes.Hierarchy-Reverse",
          "url": "https://dev.azure.com/suraj-ecanarys/_apis/wit/workItems/4493",
          "attributes": {
            "isLocked": "false",
            "name": "Parent"
          }
        }
      ],
      "url": "https://dev.azure.com/suraj-ecanarys/_apis/wit/workItems/4505"
    },
    {
      "id": 4586,
      "rev": 1,
      "fields": {
        "System.AreaPath": "$ProjectName$",
        "System.TeamProject": "$ProjectName$",
        "System.IterationPath": "$ProjectName$",
        "System.WorkItemType": "Feature",
        "System.State": "New",
        "System.Reason": "New",
        "System.CreatedDate": "2023-06-22T13:26:55.347Z",
        "System.CreatedBy": "Suraj <suraj@ecanarys.com>",
        "System.ChangedDate": "2023-06-22T13:26:55.347Z",
        "System.ChangedBy": "Suraj <suraj@ecanarys.com>",
        "System.Title": "Collecting the feedback",
        "Microsoft.VSTS.Scheduling.Effort": 0.0,
        "System.Description": null,
        "System.AssignedTo": null,
        "Microsoft.VSTS.Scheduling.RemainingWork": 0.0,
        "Microsoft.VSTS.Common.Priority": 2.0,
        "System.BoardLane": null,
        "System.Tags": null,
        "Microsoft.VSTS.TCM.Steps": null,
        "Microsoft.VSTS.TCM.Parameters": null,
        "Microsoft.VSTS.TCM.LocalDataSource": null,
        "Microsoft.VSTS.TCM.AutomationStatus": null,
        "System.History": null
      },
      "relations": [
        {
          "rel": "System.LinkTypes.Hierarchy-Forward",
          "url": "https://dev.azure.com/suraj-ecanarys/_apis/wit/workItems/4508",
          "attributes": {
            "isLocked": "false",
            "name": "Child"
          }
        },
        {
          "rel": "System.LinkTypes.Hierarchy-Reverse",
          "url": "https://dev.azure.com/suraj-ecanarys/_apis/wit/workItems/4496",
          "attributes": {
            "isLocked": "false",
            "name": "Parent"
          }
        }
      ],
      "url": "https://dev.azure.com/suraj-ecanarys/_apis/wit/workItems/4586"
    },
    {
      "id": 4588,
      "rev": 1,
      "fields": {
        "System.AreaPath": "$ProjectName$",
        "System.TeamProject": "$ProjectName$",
        "System.IterationPath": "$ProjectName$",
        "System.WorkItemType": "Feature",
        "System.State": "New",
        "System.Reason": "New",
        "System.CreatedDate": "2023-06-22T14:37:22.783Z",
        "System.CreatedBy": "Suraj <suraj@ecanarys.com>",
        "System.ChangedDate": "2023-06-22T14:37:22.783Z",
        "System.ChangedBy": "Suraj <suraj@ecanarys.com>",
        "System.Title": "Identifying and enhancing the sources of application performance",
        "Microsoft.VSTS.Scheduling.Effort": 0.0,
        "System.Description": null,
        "System.AssignedTo": null,
        "Microsoft.VSTS.Scheduling.RemainingWork": 0.0,
        "Microsoft.VSTS.Common.Priority": 2.0,
        "System.BoardLane": null,
        "System.Tags": null,
        "Microsoft.VSTS.TCM.Steps": null,
        "Microsoft.VSTS.TCM.Parameters": null,
        "Microsoft.VSTS.TCM.LocalDataSource": null,
        "Microsoft.VSTS.TCM.AutomationStatus": null,
        "System.History": null
      },
      "relations": [
        {
          "rel": "System.LinkTypes.Hierarchy-Reverse",
          "url": "https://dev.azure.com/suraj-ecanarys/_apis/wit/workItems/4500",
          "attributes": {
            "isLocked": "false",
            "name": "Parent"
          }
        },
        {
          "rel": "System.LinkTypes.Hierarchy-Forward",
          "url": "https://dev.azure.com/suraj-ecanarys/_apis/wit/workItems/4589",
          "attributes": {
            "isLocked": "false",
            "name": "Child"
          }
        },
        {
          "rel": "System.LinkTypes.Hierarchy-Forward",
          "url": "https://dev.azure.com/suraj-ecanarys/_apis/wit/workItems/4590",
          "attributes": {
            "isLocked": "false",
            "name": "Child"
          }
        }
      ],
      "url": "https://dev.azure.com/suraj-ecanarys/_apis/wit/workItems/4588"
    },
    {
      "id": 4601,
      "rev": 5,
      "fields": {
        "System.AreaPath": "$ProjectName$\\App Development Team",
        "System.TeamProject": "$ProjectName$",
        "System.IterationPath": "$ProjectName$\\Iteration 1",
        "System.WorkItemType": "Feature",
        "System.State": "New",
        "System.Reason": "New",
        "System.CreatedDate": "2023-06-28T10:09:08.143Z",
        "System.CreatedBy": "Suraj <suraj@ecanarys.com>",
        "System.ChangedDate": "2023-07-25T23:42:55.577Z",
        "System.ChangedBy": "Gloridel.Morales <Gloridel.Morales@microsoft.com>",
        "System.Title": "Integration with all popular payment methods",
        "Microsoft.VSTS.Scheduling.Effort": 0.0,
        "System.Description": null,
        "System.AssignedTo": null,
        "Microsoft.VSTS.Scheduling.RemainingWork": 0.0,
        "Microsoft.VSTS.Common.Priority": 2.0,
        "System.BoardLane": null,
        "System.Tags": null,
        "Microsoft.VSTS.TCM.Steps": null,
        "Microsoft.VSTS.TCM.Parameters": null,
        "Microsoft.VSTS.TCM.LocalDataSource": null,
        "Microsoft.VSTS.TCM.AutomationStatus": null,
        "System.History": null
      },
      "relations": [
        {
          "rel": "System.LinkTypes.Hierarchy-Forward",
          "url": "https://dev.azure.com/suraj-ecanarys/_apis/wit/workItems/4603",
          "attributes": {
            "isLocked": "false",
            "name": "Child"
          }
        },
        {
          "rel": "System.LinkTypes.Hierarchy-Reverse",
          "url": "https://dev.azure.com/suraj-ecanarys/_apis/wit/workItems/4600",
          "attributes": {
            "isLocked": "false",
            "name": "Parent"
          }
        },
        {
          "rel": "System.LinkTypes.Hierarchy-Forward",
          "url": "https://dev.azure.com/suraj-ecanarys/_apis/wit/workItems/4604",
          "attributes": {
            "isLocked": "false",
            "name": "Child"
          }
        },
        {
          "rel": "System.LinkTypes.Hierarchy-Forward",
          "url": "https://dev.azure.com/suraj-ecanarys/_apis/wit/workItems/4602",
          "attributes": {
            "isLocked": "false",
            "name": "Child"
          }
        }
      ],
      "url": "https://dev.azure.com/suraj-ecanarys/_apis/wit/workItems/4601"
    },
    {
      "id": 4851,
      "rev": 4,
      "fields": {
        "System.AreaPath": "$ProjectName$\\App Development Team",
        "System.TeamProject": "$ProjectName$",
        "System.IterationPath": "$ProjectName$",
        "System.WorkItemType": "Feature",
        "System.State": "Active",
        "System.Reason": "Implementation started",
        "System.CreatedDate": "2023-07-10T08:43:44.143Z",
        "System.CreatedBy": "Suraj <suraj@ecanarys.com>",
        "System.ChangedDate": "2023-07-25T23:42:55.577Z",
        "System.ChangedBy": "Gloridel.Morales <Gloridel.Morales@microsoft.com>",
        "System.Title": "Gathering enhanced data regarding users latest search",
        "Microsoft.VSTS.Scheduling.Effort": 0.0,
        "System.Description": null,
        "System.AssignedTo": "Suraj <suraj@ecanarys.com>",
        "Microsoft.VSTS.Scheduling.RemainingWork": 0.0,
        "Microsoft.VSTS.Common.Priority": 2.0,
        "System.BoardLane": null,
        "System.Tags": null,
        "Microsoft.VSTS.TCM.Steps": null,
        "Microsoft.VSTS.TCM.Parameters": null,
        "Microsoft.VSTS.TCM.LocalDataSource": null,
        "Microsoft.VSTS.TCM.AutomationStatus": null,
        "System.History": null
      },
      "relations": [
        {
          "rel": "System.LinkTypes.Hierarchy-Reverse",
          "url": "https://dev.azure.com/suraj-ecanarys/_apis/wit/workItems/4494",
          "attributes": {
            "isLocked": "false",
            "name": "Parent"
          }
        },
        {
          "rel": "System.LinkTypes.Hierarchy-Forward",
          "url": "https://dev.azure.com/suraj-ecanarys/_apis/wit/workItems/4852",
          "attributes": {
            "isLocked": "false",
            "name": "Child"
          }
        }
      ],
      "url": "https://dev.azure.com/suraj-ecanarys/_apis/wit/workItems/4851"
    },
    {
      "id": 4861,
      "rev": 4,
      "fields": {
        "System.AreaPath": "$ProjectName$\\DBA Team",
        "System.TeamProject": "$ProjectName$",
        "System.IterationPath": "$ProjectName$\\Iteration 1",
        "System.WorkItemType": "Feature",
        "System.State": "Active",
        "System.Reason": "Implementation started",
        "System.CreatedDate": "2023-07-10T09:54:00.797Z",
        "System.CreatedBy": "Suraj <suraj@ecanarys.com>",
        "System.ChangedDate": "2023-07-25T23:42:55.577Z",
        "System.ChangedBy": "Gloridel.Morales <Gloridel.Morales@microsoft.com>",
        "System.Title": "planning, executing, and verifying the migration process",
        "Microsoft.VSTS.Scheduling.Effort": 0.0,
        "System.Description": null,
        "System.AssignedTo": "Suraj <suraj@ecanarys.com>",
        "Microsoft.VSTS.Scheduling.RemainingWork": 0.0,
        "Microsoft.VSTS.Common.Priority": 2.0,
        "System.BoardLane": null,
        "System.Tags": null,
        "Microsoft.VSTS.TCM.Steps": null,
        "Microsoft.VSTS.TCM.Parameters": null,
        "Microsoft.VSTS.TCM.LocalDataSource": null,
        "Microsoft.VSTS.TCM.AutomationStatus": null,
        "System.History": null
      },
      "relations": [
        {
          "rel": "System.LinkTypes.Hierarchy-Forward",
          "url": "https://dev.azure.com/suraj-ecanarys/_apis/wit/workItems/4859",
          "attributes": {
            "isLocked": "false",
            "name": "Child"
          }
        },
        {
          "rel": "System.LinkTypes.Hierarchy-Forward",
          "url": "https://dev.azure.com/suraj-ecanarys/_apis/wit/workItems/4858",
          "attributes": {
            "isLocked": "false",
            "name": "Child"
          }
        },
        {
          "rel": "System.LinkTypes.Hierarchy-Reverse",
          "url": "https://dev.azure.com/suraj-ecanarys/_apis/wit/workItems/4853",
          "attributes": {
            "isLocked": "false",
            "name": "Parent"
          }
        },
        {
          "rel": "System.LinkTypes.Hierarchy-Forward",
          "url": "https://dev.azure.com/suraj-ecanarys/_apis/wit/workItems/4860",
          "attributes": {
            "isLocked": "false",
            "name": "Child"
          }
        }
      ],
      "url": "https://dev.azure.com/suraj-ecanarys/_apis/wit/workItems/4861"
    },
    {
      "id": 4862,
      "rev": 2,
      "fields": {
        "System.AreaPath": "$ProjectName$\\DBA Team",
        "System.TeamProject": "$ProjectName$",
        "System.IterationPath": "$ProjectName$\\Iteration 1",
        "System.WorkItemType": "Feature",
        "System.State": "New",
        "System.Reason": "New",
        "System.CreatedDate": "2023-07-10T09:58:44.353Z",
        "System.CreatedBy": "Suraj <suraj@ecanarys.com>",
        "System.ChangedDate": "2023-07-25T23:42:55.577Z",
        "System.ChangedBy": "Gloridel.Morales <Gloridel.Morales@microsoft.com>",
        "System.Title": "Resolving bottlenecks",
        "Microsoft.VSTS.Scheduling.Effort": 0.0,
        "System.Description": null,
        "System.AssignedTo": null,
        "Microsoft.VSTS.Scheduling.RemainingWork": 0.0,
        "Microsoft.VSTS.Common.Priority": 2.0,
        "System.BoardLane": null,
        "System.Tags": null,
        "Microsoft.VSTS.TCM.Steps": null,
        "Microsoft.VSTS.TCM.Parameters": null,
        "Microsoft.VSTS.TCM.LocalDataSource": null,
        "Microsoft.VSTS.TCM.AutomationStatus": null,
        "System.History": null
      },
      "relations": [
        {
          "rel": "System.LinkTypes.Hierarchy-Reverse",
          "url": "https://dev.azure.com/suraj-ecanarys/_apis/wit/workItems/4854",
          "attributes": {
            "isLocked": "false",
            "name": "Parent"
          }
        },
        {
          "rel": "System.LinkTypes.Hierarchy-Forward",
          "url": "https://dev.azure.com/suraj-ecanarys/_apis/wit/workItems/4863",
          "attributes": {
            "isLocked": "false",
            "name": "Child"
          }
        }
      ],
      "url": "https://dev.azure.com/suraj-ecanarys/_apis/wit/workItems/4862"
    },
    {
      "id": 4864,
      "rev": 3,
      "fields": {
        "System.AreaPath": "$ProjectName$\\DBA Team",
        "System.TeamProject": "$ProjectName$",
        "System.IterationPath": "$ProjectName$\\Iteration 1",
        "System.WorkItemType": "Feature",
        "System.State": "New",
        "System.Reason": "New",
        "System.CreatedDate": "2023-07-10T10:06:18.64Z",
        "System.CreatedBy": "Suraj <suraj@ecanarys.com>",
        "System.ChangedDate": "2023-07-27T07:16:12.207Z",
        "System.ChangedBy": "Akshay Hosur <akshay.hosur@ecanarys.com>",
        "System.Title": "Optimizing queries and Enhancing indexing strategies",
        "Microsoft.VSTS.Scheduling.Effort": 0.0,
        "System.Description": null,
        "System.AssignedTo": null,
        "Microsoft.VSTS.Scheduling.RemainingWork": 0.0,
        "Microsoft.VSTS.Common.Priority": 2.0,
        "System.BoardLane": null,
        "System.Tags": null,
        "Microsoft.VSTS.TCM.Steps": null,
        "Microsoft.VSTS.TCM.Parameters": null,
        "Microsoft.VSTS.TCM.LocalDataSource": null,
        "Microsoft.VSTS.TCM.AutomationStatus": null,
        "System.History": null
      },
      "relations": [
        {
          "rel": "System.LinkTypes.Hierarchy-Forward",
          "url": "https://dev.azure.com/suraj-ecanarys/_apis/wit/workItems/4866",
          "attributes": {
            "isLocked": "false",
            "name": "Child"
          }
        },
        {
          "rel": "System.LinkTypes.Hierarchy-Forward",
          "url": "https://dev.azure.com/suraj-ecanarys/_apis/wit/workItems/4865",
          "attributes": {
            "isLocked": "false",
            "name": "Child"
          }
        },
        {
          "rel": "System.LinkTypes.Hierarchy-Reverse",
          "url": "https://dev.azure.com/suraj-ecanarys/_apis/wit/workItems/4494",
          "attributes": {
            "isLocked": "false",
            "name": "Parent"
          }
        }
      ],
      "url": "https://dev.azure.com/suraj-ecanarys/_apis/wit/workItems/4864"
    },
    {
      "id": 4867,
      "rev": 2,
      "fields": {
        "System.AreaPath": "$ProjectName$\\DBA Team",
        "System.TeamProject": "$ProjectName$",
        "System.IterationPath": "$ProjectName$",
        "System.WorkItemType": "Feature",
        "System.State": "New",
        "System.Reason": "New",
        "System.CreatedDate": "2023-07-10T10:19:13.937Z",
        "System.CreatedBy": "Suraj <suraj@ecanarys.com>",
        "System.ChangedDate": "2023-07-25T23:42:55.577Z",
        "System.ChangedBy": "Gloridel.Morales <Gloridel.Morales@microsoft.com>",
        "System.Title": "Data Integrity",
        "Microsoft.VSTS.Scheduling.Effort": 0.0,
        "System.Description": null,
        "System.AssignedTo": null,
        "Microsoft.VSTS.Scheduling.RemainingWork": 0.0,
        "Microsoft.VSTS.Common.Priority": 2.0,
        "System.BoardLane": null,
        "System.Tags": null,
        "Microsoft.VSTS.TCM.Steps": null,
        "Microsoft.VSTS.TCM.Parameters": null,
        "Microsoft.VSTS.TCM.LocalDataSource": null,
        "Microsoft.VSTS.TCM.AutomationStatus": null,
        "System.History": null
      },
      "relations": [
        {
          "rel": "System.LinkTypes.Hierarchy-Reverse",
          "url": "https://dev.azure.com/suraj-ecanarys/_apis/wit/workItems/4855",
          "attributes": {
            "isLocked": "false",
            "name": "Parent"
          }
        },
        {
          "rel": "System.LinkTypes.Hierarchy-Forward",
          "url": "https://dev.azure.com/suraj-ecanarys/_apis/wit/workItems/4869",
          "attributes": {
            "isLocked": "false",
            "name": "Child"
          }
        },
        {
          "rel": "System.LinkTypes.Hierarchy-Forward",
          "url": "https://dev.azure.com/suraj-ecanarys/_apis/wit/workItems/4870",
          "attributes": {
            "isLocked": "false",
            "name": "Child"
          }
        },
        {
          "rel": "System.LinkTypes.Hierarchy-Forward",
          "url": "https://dev.azure.com/suraj-ecanarys/_apis/wit/workItems/4868",
          "attributes": {
            "isLocked": "false",
            "name": "Child"
          }
        }
      ],
      "url": "https://dev.azure.com/suraj-ecanarys/_apis/wit/workItems/4867"
    },
    {
      "id": 4871,
      "rev": 4,
      "fields": {
        "System.AreaPath": "$ProjectName$\\DBA Team",
        "System.TeamProject": "$ProjectName$",
        "System.IterationPath": "$ProjectName$",
        "System.WorkItemType": "Feature",
        "System.State": "Active",
        "System.Reason": "Implementation started",
        "System.CreatedDate": "2023-07-10T10:24:34.047Z",
        "System.CreatedBy": "Suraj <suraj@ecanarys.com>",
        "System.ChangedDate": "2023-07-25T23:42:55.577Z",
        "System.ChangedBy": "Gloridel.Morales <Gloridel.Morales@microsoft.com>",
        "System.Title": "Following regulatory standards for the database system",
        "Microsoft.VSTS.Scheduling.Effort": 0.0,
        "System.Description": null,
        "System.AssignedTo": "Suraj <suraj@ecanarys.com>",
        "Microsoft.VSTS.Scheduling.RemainingWork": 0.0,
        "Microsoft.VSTS.Common.Priority": 2.0,
        "System.BoardLane": null,
        "System.Tags": null,
        "Microsoft.VSTS.TCM.Steps": null,
        "Microsoft.VSTS.TCM.Parameters": null,
        "Microsoft.VSTS.TCM.LocalDataSource": null,
        "Microsoft.VSTS.TCM.AutomationStatus": null,
        "System.History": null
      },
      "relations": [
        {
          "rel": "System.LinkTypes.Hierarchy-Forward",
          "url": "https://dev.azure.com/suraj-ecanarys/_apis/wit/workItems/4872",
          "attributes": {
            "isLocked": "false",
            "name": "Child"
          }
        },
        {
          "rel": "System.LinkTypes.Hierarchy-Forward",
          "url": "https://dev.azure.com/suraj-ecanarys/_apis/wit/workItems/4873",
          "attributes": {
            "isLocked": "false",
            "name": "Child"
          }
        },
        {
          "rel": "System.LinkTypes.Hierarchy-Forward",
          "url": "https://dev.azure.com/suraj-ecanarys/_apis/wit/workItems/4874",
          "attributes": {
            "isLocked": "false",
            "name": "Child"
          }
        },
        {
          "rel": "System.LinkTypes.Hierarchy-Reverse",
          "url": "https://dev.azure.com/suraj-ecanarys/_apis/wit/workItems/4856",
          "attributes": {
            "isLocked": "false",
            "name": "Parent"
          }
        }
      ],
      "url": "https://dev.azure.com/suraj-ecanarys/_apis/wit/workItems/4871"
    },
    {
      "id": 4875,
      "rev": 2,
      "fields": {
        "System.AreaPath": "$ProjectName$\\DBA Team",
        "System.TeamProject": "$ProjectName$",
        "System.IterationPath": "$ProjectName$",
        "System.WorkItemType": "Feature",
        "System.State": "New",
        "System.Reason": "New",
        "System.CreatedDate": "2023-07-10T10:35:01.693Z",
        "System.CreatedBy": "Suraj <suraj@ecanarys.com>",
        "System.ChangedDate": "2023-07-25T23:42:55.577Z",
        "System.ChangedBy": "Gloridel.Morales <Gloridel.Morales@microsoft.com>",
        "System.Title": "Handling the DB deployment in a controlled manner",
        "Microsoft.VSTS.Scheduling.Effort": 0.0,
        "System.Description": null,
        "System.AssignedTo": null,
        "Microsoft.VSTS.Scheduling.RemainingWork": 0.0,
        "Microsoft.VSTS.Common.Priority": 2.0,
        "System.BoardLane": null,
        "System.Tags": null,
        "Microsoft.VSTS.TCM.Steps": null,
        "Microsoft.VSTS.TCM.Parameters": null,
        "Microsoft.VSTS.TCM.LocalDataSource": null,
        "Microsoft.VSTS.TCM.AutomationStatus": null,
        "System.History": null
      },
      "relations": [
        {
          "rel": "System.LinkTypes.Hierarchy-Forward",
          "url": "https://dev.azure.com/suraj-ecanarys/_apis/wit/workItems/4878",
          "attributes": {
            "isLocked": "false",
            "name": "Child"
          }
        },
        {
          "rel": "System.LinkTypes.Hierarchy-Forward",
          "url": "https://dev.azure.com/suraj-ecanarys/_apis/wit/workItems/4876",
          "attributes": {
            "isLocked": "false",
            "name": "Child"
          }
        },
        {
          "rel": "System.LinkTypes.Hierarchy-Forward",
          "url": "https://dev.azure.com/suraj-ecanarys/_apis/wit/workItems/4877",
          "attributes": {
            "isLocked": "false",
            "name": "Child"
          }
        },
        {
          "rel": "System.LinkTypes.Hierarchy-Reverse",
          "url": "https://dev.azure.com/suraj-ecanarys/_apis/wit/workItems/4857",
          "attributes": {
            "isLocked": "false",
            "name": "Parent"
          }
        },
        {
          "rel": "System.LinkTypes.Hierarchy-Forward",
          "url": "https://dev.azure.com/suraj-ecanarys/_apis/wit/workItems/4879",
          "attributes": {
            "isLocked": "false",
            "name": "Child"
          }
        }
      ],
      "url": "https://dev.azure.com/suraj-ecanarys/_apis/wit/workItems/4875"
    },
    {
      "id": 4903,
      "rev": 5,
      "fields": {
        "System.AreaPath": "$ProjectName$",
        "System.TeamProject": "$ProjectName$",
        "System.IterationPath": "$ProjectName$\\Iteration 2",
        "System.WorkItemType": "Feature",
        "System.State": "Closed",
        "System.Reason": "Acceptance tests pass",
        "System.CreatedDate": "2023-07-17T10:35:25.09Z",
        "System.CreatedBy": "Suraj <suraj@ecanarys.com>",
        "System.ChangedDate": "2023-07-27T12:19:39.847Z",
        "System.ChangedBy": "Akshay Hosur <akshay.hosur@ecanarys.com>",
        "System.Title": "Training dashboard",
        "Microsoft.VSTS.Scheduling.Effort": 0.0,
        "System.Description": null,
        "System.AssignedTo": "Suraj <suraj@ecanarys.com>",
        "Microsoft.VSTS.Scheduling.RemainingWork": 0.0,
        "Microsoft.VSTS.Common.Priority": 2.0,
        "System.BoardLane": null,
        "System.Tags": null,
        "Microsoft.VSTS.TCM.Steps": null,
        "Microsoft.VSTS.TCM.Parameters": null,
        "Microsoft.VSTS.TCM.LocalDataSource": null,
        "Microsoft.VSTS.TCM.AutomationStatus": null,
        "System.History": null
      },
      "relations": [
        {
          "rel": "System.LinkTypes.Hierarchy-Forward",
          "url": "https://dev.azure.com/suraj-ecanarys/_apis/wit/workItems/5092",
          "attributes": {
            "isLocked": "false",
            "name": "Child"
          }
        },
        {
          "rel": "System.LinkTypes.Hierarchy-Forward",
          "url": "https://dev.azure.com/suraj-ecanarys/_apis/wit/workItems/5094",
          "attributes": {
            "isLocked": "false",
            "name": "Child"
          }
        },
        {
          "rel": "System.LinkTypes.Hierarchy-Reverse",
          "url": "https://dev.azure.com/suraj-ecanarys/_apis/wit/workItems/4902",
          "attributes": {
            "isLocked": "false",
            "name": "Parent"
          }
        },
        {
          "rel": "System.LinkTypes.Hierarchy-Forward",
          "url": "https://dev.azure.com/suraj-ecanarys/_apis/wit/workItems/5093",
          "attributes": {
            "isLocked": "false",
            "name": "Child"
          }
        }
      ],
      "url": "https://dev.azure.com/suraj-ecanarys/_apis/wit/workItems/4903"
    },
    {
      "id": 5294,
      "rev": 2,
      "fields": {
        "System.AreaPath": "$ProjectName$\\DBA Team",
        "System.TeamProject": "$ProjectName$",
        "System.IterationPath": "$ProjectName$",
        "System.WorkItemType": "Feature",
        "System.State": "New",
        "System.Reason": "New",
        "System.CreatedDate": "2023-07-27T07:19:13.213Z",
        "System.CreatedBy": "Akshay Hosur <akshay.hosur@ecanarys.com>",
        "System.ChangedDate": "2023-07-27T07:21:28.163Z",
        "System.ChangedBy": "Akshay Hosur <akshay.hosur@ecanarys.com>",
        "System.Title": "Enhance the search functionality - show related products based on history",
        "Microsoft.VSTS.Scheduling.Effort": 0.0,
        "System.Description": null,
        "System.AssignedTo": null,
        "Microsoft.VSTS.Scheduling.RemainingWork": 0.0,
        "Microsoft.VSTS.Common.Priority": 2.0,
        "System.BoardLane": null,
        "System.Tags": null,
        "Microsoft.VSTS.TCM.Steps": null,
        "Microsoft.VSTS.TCM.Parameters": null,
        "Microsoft.VSTS.TCM.LocalDataSource": null,
        "Microsoft.VSTS.TCM.AutomationStatus": null,
        "System.History": null
      },
      "relations": [
        {
          "rel": "System.LinkTypes.Hierarchy-Forward",
          "url": "https://dev.azure.com/suraj-ecanarys/_apis/wit/workItems/5296",
          "attributes": {
            "isLocked": "false",
            "name": "Child"
          }
        },
        {
          "rel": "System.LinkTypes.Hierarchy-Forward",
          "url": "https://dev.azure.com/suraj-ecanarys/_apis/wit/workItems/5295",
          "attributes": {
            "isLocked": "false",
            "name": "Child"
          }
        },
        {
          "rel": "System.LinkTypes.Hierarchy-Reverse",
          "url": "https://dev.azure.com/suraj-ecanarys/_apis/wit/workItems/4498",
          "attributes": {
            "isLocked": "false",
            "name": "Parent"
          }
        }
      ],
      "url": "https://dev.azure.com/suraj-ecanarys/_apis/wit/workItems/5294"
    },
    {
      "id": 5297,
      "rev": 1,
      "fields": {
        "System.AreaPath": "$ProjectName$",
        "System.TeamProject": "$ProjectName$",
        "System.IterationPath": "$ProjectName$",
        "System.WorkItemType": "Feature",
        "System.State": "New",
        "System.Reason": "New",
        "System.CreatedDate": "2023-07-27T07:22:36.937Z",
        "System.CreatedBy": "Akshay Hosur <akshay.hosur@ecanarys.com>",
        "System.ChangedDate": "2023-07-27T07:22:36.937Z",
        "System.ChangedBy": "Akshay Hosur <akshay.hosur@ecanarys.com>",
        "System.Title": "Design search box",
        "Microsoft.VSTS.Scheduling.Effort": 0.0,
        "System.Description": null,
        "System.AssignedTo": null,
        "Microsoft.VSTS.Scheduling.RemainingWork": 0.0,
        "Microsoft.VSTS.Common.Priority": 2.0,
        "System.BoardLane": null,
        "System.Tags": null,
        "Microsoft.VSTS.TCM.Steps": null,
        "Microsoft.VSTS.TCM.Parameters": null,
        "Microsoft.VSTS.TCM.LocalDataSource": null,
        "Microsoft.VSTS.TCM.AutomationStatus": null,
        "System.History": null
      },
      "relations": [
        {
          "rel": "System.LinkTypes.Hierarchy-Reverse",
          "url": "https://dev.azure.com/suraj-ecanarys/_apis/wit/workItems/4498",
          "attributes": {
            "isLocked": "false",
            "name": "Parent"
          }
        },
        {
          "rel": "System.LinkTypes.Hierarchy-Forward",
          "url": "https://dev.azure.com/suraj-ecanarys/_apis/wit/workItems/5298",
          "attributes": {
            "isLocked": "false",
            "name": "Child"
          }
        }
      ],
      "url": "https://dev.azure.com/suraj-ecanarys/_apis/wit/workItems/5297"
    },
    {
      "id": 5300,
      "rev": 3,
      "fields": {
        "System.AreaPath": "$ProjectName$\\DBA Team",
        "System.TeamProject": "$ProjectName$",
        "System.IterationPath": "$ProjectName$\\Iteration 1",
        "System.WorkItemType": "Feature",
        "System.State": "New",
        "System.Reason": "New",
        "System.CreatedDate": "2023-07-28T09:35:56.06Z",
        "System.CreatedBy": "Akshay Hosur <akshay.hosur@ecanarys.com>",
        "System.ChangedDate": "2023-07-28T09:36:32.007Z",
        "System.ChangedBy": "Akshay Hosur <akshay.hosur@ecanarys.com>",
        "System.Title": "Store the login details in encrypted format",
        "Microsoft.VSTS.Scheduling.Effort": 0.0,
        "System.Description": null,
        "System.AssignedTo": null,
        "Microsoft.VSTS.Scheduling.RemainingWork": 0.0,
        "Microsoft.VSTS.Common.Priority": 2.0,
        "System.BoardLane": null,
        "System.Tags": null,
        "Microsoft.VSTS.TCM.Steps": null,
        "Microsoft.VSTS.TCM.Parameters": null,
        "Microsoft.VSTS.TCM.LocalDataSource": null,
        "Microsoft.VSTS.TCM.AutomationStatus": null,
        "System.History": null
      },
      "relations": [
        {
          "rel": "System.LinkTypes.Hierarchy-Forward",
          "url": "https://dev.azure.com/suraj-ecanarys/_apis/wit/workItems/5301",
          "attributes": {
            "isLocked": "false",
            "name": "Child"
          }
        },
        {
          "rel": "System.LinkTypes.Hierarchy-Reverse",
          "url": "https://dev.azure.com/suraj-ecanarys/_apis/wit/workItems/4499",
          "attributes": {
            "isLocked": "false",
            "name": "Parent"
          }
        },
        {
          "rel": "System.LinkTypes.Hierarchy-Forward",
          "url": "https://dev.azure.com/suraj-ecanarys/_apis/wit/workItems/5302",
          "attributes": {
            "isLocked": "false",
            "name": "Child"
          }
        },
        {
          "rel": "System.LinkTypes.Hierarchy-Forward",
          "url": "https://dev.azure.com/suraj-ecanarys/_apis/wit/workItems/5303",
          "attributes": {
            "isLocked": "false",
            "name": "Child"
          }
        }
      ],
      "url": "https://dev.azure.com/suraj-ecanarys/_apis/wit/workItems/5300"
    },
    {
      "id": 5311,
      "rev": 2,
      "fields": {
        "System.AreaPath": "$ProjectName$",
        "System.TeamProject": "$ProjectName$",
        "System.IterationPath": "$ProjectName$\\Iteration 3",
        "System.WorkItemType": "Feature",
        "System.State": "New",
        "System.Reason": "New",
        "System.CreatedDate": "2023-08-03T10:38:33.777Z",
        "System.CreatedBy": "Akshay Hosur <akshay.hosur@ecanarys.com>",
        "System.ChangedDate": "2023-08-03T10:38:42.343Z",
        "System.ChangedBy": "Akshay Hosur <akshay.hosur@ecanarys.com>",
        "System.Title": "Login and Registration functionality",
        "Microsoft.VSTS.Scheduling.Effort": 0.0,
        "System.Description": null,
        "System.AssignedTo": null,
        "Microsoft.VSTS.Scheduling.RemainingWork": 0.0,
        "Microsoft.VSTS.Common.Priority": 2.0,
        "System.BoardLane": null,
        "System.Tags": null,
        "Microsoft.VSTS.TCM.Steps": null,
        "Microsoft.VSTS.TCM.Parameters": null,
        "Microsoft.VSTS.TCM.LocalDataSource": null,
        "Microsoft.VSTS.TCM.AutomationStatus": null,
        "System.History": null
      },
      "relations": [
        {
          "rel": "System.LinkTypes.Hierarchy-Forward",
          "url": "https://dev.azure.com/suraj-ecanarys/_apis/wit/workItems/5313",
          "attributes": {
            "isLocked": "false",
            "name": "Child"
          }
        },
        {
          "rel": "System.LinkTypes.Hierarchy-Reverse",
          "url": "https://dev.azure.com/suraj-ecanarys/_apis/wit/workItems/5310",
          "attributes": {
            "isLocked": "false",
            "name": "Parent"
          }
        },
        {
          "rel": "System.LinkTypes.Hierarchy-Forward",
          "url": "https://dev.azure.com/suraj-ecanarys/_apis/wit/workItems/5312",
          "attributes": {
            "isLocked": "false",
            "name": "Child"
          }
        }
      ],
      "url": "https://dev.azure.com/suraj-ecanarys/_apis/wit/workItems/5311"
    },
    {
      "id": 5318,
      "rev": 1,
      "fields": {
        "System.Id": 5318,
        "System.AreaPath": "$ProjectName$",
        "System.TeamProject": "$ProjectName$",
        "System.NodeName": "$ProjectName$",
        "System.AreaLevel1": "$ProjectName$",
        "System.AuthorizedDate": "2023-08-04T04:36:10.42Z",
        "System.RevisedDate": "9999-01-01T00:00:00Z",
        "System.IterationPath": "eShoponweb",
        "System.IterationLevel1": "eShoponweb",
        "System.WorkItemType": "Feature",
        "System.State": "New",
        "System.Reason": "New",
        "System.CreatedDate": "2023-08-04T04:36:10.42Z",
        "System.PersonId": 93368033,
        "System.Watermark": 7292,
        "System.CommentCount": 0,
        "System.Title": "User interface changes",
        "System.BoardColumn": "New",
        "System.BoardColumnDone": false,
        "Microsoft.VSTS.Common.StateChangeDate": "2023-08-04T04:36:10.42Z",
        "Microsoft.VSTS.Common.Priority": 2,
        "Microsoft.VSTS.Common.ValueArea": "Business"
      },
      "relations": [
        {
          "rel": "System.LinkTypes.Hierarchy-Forward",
          "url": "https://dev.azure.com/suraj-ecanarys/30007311-34b8-4487-bb97-ec54d3a7171a/_apis/wit/workItems/5321",
          "attributes": {
            "isLocked": false,
            "name": "Child"
          }
        },
        {
          "rel": "System.LinkTypes.Hierarchy-Forward",
          "url": "https://dev.azure.com/suraj-ecanarys/30007311-34b8-4487-bb97-ec54d3a7171a/_apis/wit/workItems/5319",
          "attributes": {
            "isLocked": false,
            "name": "Child"
          }
        },
        {
          "rel": "System.LinkTypes.Hierarchy-Reverse",
          "url": "https://dev.azure.com/suraj-ecanarys/30007311-34b8-4487-bb97-ec54d3a7171a/_apis/wit/workItems/4494",
          "attributes": {
            "isLocked": false,
            "name": "Parent"
          }
        },
        {
          "rel": "System.LinkTypes.Hierarchy-Forward",
          "url": "https://dev.azure.com/suraj-ecanarys/30007311-34b8-4487-bb97-ec54d3a7171a/_apis/wit/workItems/5320",
          "attributes": {
            "isLocked": false,
            "name": "Child"
          }
        }
      ]
    }
  ],
  "HttpStatusCode": 0,
  "Message": null
}