{
  "count": 1,
  "value": [
    {
      "id": 5292,
      "rev": 1,
      "fields": {
        "System.AreaPath": "$ProjectName$",
        "System.TeamProject": "$ProjectName$",
        "System.IterationPath": "$ProjectName$",
        "System.WorkItemType": "Shared Steps",
        "System.State": "Active",
        "System.Reason": "New",
        "System.CreatedDate": "2023-07-22T12:04:14.21Z",
        "System.CreatedBy": "Suraj <suraj@ecanarys.com>",
        "System.ChangedDate": "2023-07-22T12:04:14.21Z",
        "System.ChangedBy": "Suraj <suraj@ecanarys.com>",
        "System.Title": "Navigating to .NET Tshirt",
        "Microsoft.VSTS.Scheduling.Effort": 0.0,
        "System.Description": null,
        "System.AssignedTo": "Suraj <suraj@ecanarys.com>",
        "Microsoft.VSTS.Scheduling.RemainingWork": 0.0,
        "Microsoft.VSTS.Common.Priority": 2.0,
        "System.BoardLane": null,
        "System.Tags": null,
        "Microsoft.VSTS.TCM.Steps": "<steps id=\"0\" last=\"4\"><step id=\"1\" type=\"ActionStep\"><parameterizedString isformatted=\"true\">&lt;DIV&gt;&lt;P&gt;open project site&lt;/P&gt;&lt;/DIV&gt;</parameterizedString><parameterizedString isformatted=\"true\">&lt;DIV&gt;&lt;P&gt;&lt;BR/&gt;&lt;/P&gt;&lt;/DIV&gt;</parameterizedString><description/></step><step id=\"2\" type=\"ActionStep\"><parameterizedString isformatted=\"true\">&lt;DIV&gt;&lt;P&gt;Click on Brands drop-down&lt;/P&gt;&lt;/DIV&gt;</parameterizedString><parameterizedString isformatted=\"true\">&lt;DIV&gt;&lt;P&gt;&lt;BR/&gt;&lt;/P&gt;&lt;/DIV&gt;</parameterizedString><description/></step><step id=\"3\" type=\"ActionStep\"><parameterizedString isformatted=\"true\">&lt;DIV&gt;&lt;DIV&gt;&lt;P&gt;Choose .Net&lt;/P&gt;&lt;/DIV&gt;&lt;/DIV&gt;</parameterizedString><parameterizedString isformatted=\"true\">&lt;DIV&gt;&lt;P&gt;&lt;BR/&gt;&lt;/P&gt;&lt;/DIV&gt;</parameterizedString><description/></step><step id=\"4\" type=\"ActionStep\"><parameterizedString isformatted=\"true\">&lt;DIV&gt;&lt;DIV&gt;&lt;P&gt;Click on TYPE drop-down&lt;/P&gt;&lt;/DIV&gt;&lt;/DIV&gt;</parameterizedString><parameterizedString isformatted=\"true\">&lt;DIV&gt;&lt;P&gt;&lt;BR/&gt;&lt;/P&gt;&lt;/DIV&gt;</parameterizedString><description/></step></steps>",
        "Microsoft.VSTS.TCM.Parameters": null,
        "Microsoft.VSTS.TCM.LocalDataSource": null,
        "Microsoft.VSTS.TCM.AutomationStatus": null,
        "System.History": null
      },
      "relations": [
        {
          "rel": "Microsoft.VSTS.TestCase.SharedStepReferencedBy-Forward",
          "url": "https://dev.azure.com/suraj-ecanarys/_apis/wit/workItems/5283",
          "attributes": {
            "isLocked": "false",
            "name": "Test Case"
          }
        }
      ],
      "url": "https://dev.azure.com/suraj-ecanarys/_apis/wit/workItems/5292"
    }
  ],
  "HttpStatusCode": 0,
  "Message": null
}