{
    "isEnabled": true,
    "isBlocking": true,
    "isDeleted": false,
    "settings": {
      "buildDefinitionId": "$buildDefId$",
      "queueOnSourceUpdateOnly": true,
      "manualQueueOnly": false,
      "displayName": null,
      "validDuration": 720.0,
      "scope": [
        {
          "refName": "refs/heads/main",
          "matchKind": "Exact",
          "repositoryId": "$eshoponweb$"
        }
      ]
    },
    "isEnterpriseManaged": false,
    "type": {
      "id": "$policyTypeId$",
      "url": "$policyTypeUrl$",
      "displayName": "Build"
    }
  }