[
  {
    "url": "",
    "rules": {
      "tagStyle": []
    },
    "_links": "{}",
    "BoardName": "Epics"
  },
  {
    "url": "",
    "rules": {
      "tagStyle": []
    },
    "_links": "{}",
    "BoardName": "Features"
  },
  {
    "url": "",
    "rules": {
      "fill": [
        {
          "name": "High Priority",
          "isEnabled": "True",
          "filter": "[Microsoft.VSTS.Common.Priority] = '1'",
          "clauses": [
            {
              "fieldName": "Microsoft.VSTS.Common.Priority",
              "index": 1,
              "logicalOperator": "",
              "operator": "=",
              "value": "1"
            }
          ],
          "settings": {
            "background-color": "#ffba69",
            "title-color": "#000000"
          }
        }
      ],
      "tagStyle": []
    },
    "_links": "{}",
    "BoardName": "Stories"
  }
]