[
  {
    "url": "",
    "rules": {
      "tagStyle": []
    },
    "_links": "{}",
    "BoardName": "Epics"
  },
  {
    "url": "",
    "rules": {
      "tagStyle": []
    },
    "_links": "{}",
    "BoardName": "Features"
  },
  {
    "url": "",
    "rules": {
      "fill": [
        {
          "name": "Active",
          "isEnabled": "True",
          "filter": "[System.State] = 'Active'",
          "clauses": [
            {
              "fieldName": "System.State",
              "index": 1,
              "logicalOperator": "",
              "operator": "=",
              "value": "Active"
            }
          ],
          "settings": {
            "background-color": "#c5d6fd",
            "title-color": "#000000"
          }
        },
        {
          "name": "Closed",
          "isEnabled": "True",
          "filter": "[System.State] = 'Closed'",
          "clauses": [
            {
              "fieldName": "System.State",
              "index": 1,
              "logicalOperator": "",
              "operator": "=",
              "value": "Closed"
            }
          ],
          "settings": {
            "background-color": "#aed7a8",
            "title-color": "#000000"
          }
        },
        {
          "name": "performance",
          "isEnabled": "True",
          "filter": "[System.Title] contains 'performance'",
          "clauses": [
            {
              "fieldName": "System.Title",
              "index": 1,
              "logicalOperator": "",
              "operator": "CONTAINS",
              "value": "performance"
            }
          ],
          "settings": {
            "background-color": "#ffe660",
            "title-color": "#000000"
          }
        },
        {
          "name": "High Priority",
          "isEnabled": "True",
          "filter": "[Microsoft.VSTS.Common.Priority] = '1'",
          "clauses": [
            {
              "fieldName": "Microsoft.VSTS.Common.Priority",
              "index": 1,
              "logicalOperator": "",
              "operator": "=",
              "value": "1"
            }
          ],
          "settings": {
            "background-color": "#ffba69",
            "title-color": "#000000"
          }
        }
      ],
      "tagStyle": []
    },
    "_links": "{}",
    "BoardName": "Stories"
  }
]